,Post_ID,Comment,Created_Time,Comment_ID,Commenter_ID,Likes
0,368408587073_10154854254662074,Seriously? I almost thought this was the Duffel Blog when I read this.,2016-11-29T18:04:14+0000,10154854254662074_10154854363887074,10152436572684262,0
1,368408587073_10154837278252074,So fondly remember sharing the day in the mess halls at many posts during our active duty times. A special memory!,2016-11-23T23:16:43+0000,10154837278252074_10154838087227074,916414121723657,1
2,368408587073_10154837278252074,"Spencer, Jennifer probably doesn't remember but we had Thanksgiving dinner at base mess hall when we lived in Hawaii!",2016-11-25T22:14:37+0000,10154837278252074_10154843611732074,10207900879496002,0
3,368408587073_10154836771872074,Always a fun event.,2016-11-24T13:33:39+0000,10154836771872074_10154839578447074,701652879878444,0
4,368408587073_10154834836702074,Looks like everyone had a great time!,2016-11-22T20:26:54+0000,10154834836702074_10154834856472074,110389852325552,4
5,368408587073_10154832104942074,The Henry Gate is now operational,2016-11-22T20:00:13+0000,10154832104942074_10154834788522074,368408587073,0
6,368408587073_10154831679852074,"^7 degrees is what we kept our barracks building at Fort Ord, as acountermeasure to the spread of Spinal Mennigitus!  Windows always open!",2016-11-22T19:50:58+0000,10154831679852074_10154834759442074,10154098556795422,0
7,368408587073_10154822824407074,Let's go,2016-09-07T01:04:32+0000,10154544485342074_10154591816332074,613896568751857,0
8,368408587073_10154822824407074,BOSS  is having a NY Trip. Maria Roseboro Ebony Henderson Jessica  TheoneUwishuhad Smith Ericka Harris Clare Johnson  KerryAnn Brown,2016-09-06T18:37:06+0000,10154544485342074_10154590960807074,957005754328637,0
9,368408587073_10154820038052074,seems Steeler fans are everywhere. ;),2016-09-29T19:18:08+0000,10154546776822074_10154659020442074,809825275722704,0
10,368408587073_10154820032637074,Saw them in at Marine Barracks 8th and I street in D.C. Also saw the Marine Corps and Navy Bands. What a terrific event. Thanks 4 sharing.,2016-11-18T11:20:39+0000,10154820032637074_10154821826852074,721133691285349,0
11,368408587073_10154820032637074,my eyes get moist everytime I hear this unit!,2016-11-18T00:53:30+0000,10154820032637074_10154820799357074,10154098556795422,0
12,368408587073_10154817760372074,Shane Dunham,2016-11-17T00:01:05+0000,10154817760372074_10154817923547074,838583792829620,0
13,368408587073_10154817752962074,OPSEC MUCH?,2016-11-17T01:52:01+0000,10154817752962074_10154818154127074,1013835188638042,1
14,368408587073_10154817752962074,This was fun.,2016-11-17T02:22:11+0000,10154817752962074_10154818209417074,10203682106165724,0
15,368408587073_10154817365867074,Thanks for getting the word out!,2016-11-17T12:11:04+0000,10154817365867074_10154819217012074,133914480118043,0
16,368408587073_10154814711962074,"Our son was in a horn line in drum corps, so had plenty of time to listen to some great drumming when I was working on sewing uniforms...you guys bring back memories of The Glassmen Drum and Bugle Corps!",2016-11-16T00:24:00+0000,10154814711962074_10154815206527074,583712088425072,0
17,368408587073_10154814711962074,Noli Me Tangere!,2016-11-15T23:06:34+0000,10154814711962074_10154815075777074,10154098556795422,0
18,368408587073_10154814317157074,"As a neighbor, I have no problems. It is ridiculous to move next to a military base and cemetery that's been there for many, many years and be surprised by this. 

But then I've seen people move next to a church and complain about all the traffic on Sundays, so maybe I'm overestimating people's intelligence.",2016-11-15T18:12:29+0000,10154814317157074_10154814336417074,10201958581951159,2
19,368408587073_10154814317157074,Interesting info thanks  really great more on  please,2016-11-16T07:30:15+0000,10154814317157074_10154815933767074,267786660231474,0
20,368408587073_10154809149787074,Let's go,2016-09-07T01:04:32+0000,10154544485342074_10154591816332074,613896568751857,0
21,368408587073_10154809149787074,BOSS  is having a NY Trip. Maria Roseboro Ebony Henderson Jessica  TheoneUwishuhad Smith Ericka Harris Clare Johnson  KerryAnn Brown,2016-09-06T18:37:06+0000,10154544485342074_10154590960807074,957005754328637,0
22,368408587073_10154800810087074,Sounds good to me,2016-11-13T19:42:34+0000,10154800810087074_10154806839662074,328483120848244,0
23,368408587073_10154800810087074,Joseph R Ramirez Maria Ramirez we need to go to one of these ceremonies.,2016-11-13T01:26:34+0000,10154800810087074_10154804482012074,883810088296916,0
24,368408587073_10154795146517074,Let's go,2016-09-07T01:04:32+0000,10154544485342074_10154591816332074,613896568751857,0
25,368408587073_10154795146517074,BOSS  is having a NY Trip. Maria Roseboro Ebony Henderson Jessica  TheoneUwishuhad Smith Ericka Harris Clare Johnson  KerryAnn Brown,2016-09-06T18:37:06+0000,10154544485342074_10154590960807074,957005754328637,0
26,368408587073_10154791012787074,Patrick O'Hara,2016-11-08T18:25:34+0000,10154791012787074_10154791467182074,10205837593156092,0
27,368408587073_10154788824807074,Lorena Coffelt,2016-11-08T03:46:38+0000,10154788824807074_10154789788527074,10205503473014514,1
28,368408587073_10154788824807074,Josh,2016-11-08T01:01:18+0000,10154788824807074_10154789448392074,10154007981450332,0
29,368408587073_10154779747807074,Wish I could come to the lunch ... Looks delicious!,2016-11-04T22:05:26+0000,10154779747807074_10154780142702074,10203328866479582,0
30,368408587073_10154779249402074,Elizabeth Ogin if I didn't deploy I would have gone :|,2016-11-04T18:52:38+0000,10154779249402074_10154779455127074,10203303705981296,0
31,368408587073_10154779207792074,We met Emily and Zach this summer at Starbucks on post and have seen them walking.,2016-11-04T20:31:25+0000,10154779207792074_10154779743252074,10154851560690506,0
32,368408587073_10154779207792074,"You are a wonderful spokesperson , Emily !",2016-11-05T23:46:08+0000,10154779207792074_10154783339137074,921932204583806,0
33,368408587073_10154776592282074,Tanner Jones,2016-11-14T02:18:56+0000,10154776592282074_10154807693217074,1021094634570470,0
34,368408587073_10154766454262074,May DoD civilians shop the Thrift Shop?,2016-11-01T02:18:05+0000,10154766454262074_10154767959677074,10202554559918821,0
35,368408587073_10154766454262074,Oh I so miss shopping here.,2016-10-31T18:04:45+0000,10154766454262074_10154766536347074,950966168286741,0
36,368408587073_10154766204227074,Can't wait to run it next year! Congrats to Army Specialist Samuel Kosgie for winning the race!,2016-10-31T22:28:31+0000,10154766204227074_10154767374937074,10152689472076729,0
37,368408587073_10154766174002074,The kids had a great time. Thank you again for working on a Saturday night!,2016-10-31T17:16:32+0000,10154766174002074_10154766404302074,10202887151772726,1
38,368408587073_10154766174002074,"Happy Halloween to U. S. Army
Caisson Platoon!
Thank you!",2016-11-01T02:27:47+0000,10154766174002074_10154767988887074,1442475652661077,0
39,368408587073_10154765737342074,,2016-10-31T13:53:56+0000,10154765737342074_10154765911182074,368408587073,0
40,368408587073_10154765737342074,,2016-10-31T13:53:43+0000,10154765737342074_10154765910727074,368408587073,0
41,368408587073_10154765737342074,,2016-10-31T13:53:27+0000,10154765737342074_10154765910297074,368408587073,0
42,368408587073_10154755236472074,Used it as my desktop when Rachel Larue first took this fabulous photo.,2016-10-28T18:28:33+0000,10154755236472074_10154755562252074,701652879878444,1
43,368408587073_10154755236472074,Rachel Mazzucchi Elliff,2016-10-28T21:14:21+0000,10154755236472074_10154756062592074,10153292033630625,0
44,368408587073_10154752639307074,Mike Vincent Petrovic something for you and your brother to do,2016-10-28T00:02:23+0000,10154752639307074_10154753163867074,10205631404520032,0
45,368408587073_10154752639307074,Mike Vincent Petrovic,2016-10-28T00:02:46+0000,10154752639307074_10154753164272074,10205631404520032,1
46,368408587073_10154752400337074,Thank you to Daniel Yeadon for the fantastic shot!,2016-10-27T19:39:27+0000,10154752400337074_10154752633007074,368408587073,3
47,368408587073_10154752400337074,Awesome photo!!!,2016-10-27T19:18:52+0000,10154752400337074_10154752578862074,10152689472076729,1
48,368408587073_10154752400337074,Beautiful  photo,2016-10-27T19:26:19+0000,10154752400337074_10154752600267074,877229062297338,1
49,368408587073_10154752400337074,Simply wonderful!! Thanks...,2016-10-28T05:12:30+0000,10154752400337074_10154753751697074,450221045110459,0
50,368408587073_10154752400337074,Yes he really captured  it all  with out trying...  Magazine  ready!!!,2016-10-27T20:04:06+0000,10154752400337074_10154752696137074,957005754328637,1
51,368408587073_10154745824892074,The army needs to focus on defending America not social engineering. This is Bravo Sierra!,2016-10-25T17:13:30+0000,10154745824892074_10154745859127074,648127371962922,3
52,368408587073_10154745780657074,Let's do it!,2016-10-26T13:03:13+0000,10154745780657074_10154748454732074,133914480118043,0
53,368408587073_10154742630237074,Thank you for posting this. I was wondering  if it would be the 29th or 31st.,2016-10-24T17:26:09+0000,10154742630237074_10154742650642074,10153605601582721,1
54,368408587073_10154742411352074,Do you happen to know if parking is permitted (for card holders) on post for the race? Will there be shuttles available?,2016-10-24T18:55:14+0000,10154742411352074_10154742931432074,10203556092092001,1
55,368408587073_10154742079272074,Come out and support our blood drive. We need all the help we can get. Thank you!,2016-10-24T23:28:49+0000,10154742079272074_10154743524887074,10206753945592574,0
56,368408587073_10154742031107074,Congratulations to all the recipients!,2016-10-25T16:15:42+0000,10154742031107074_10154745726227074,857696077590466,0
57,368408587073_10154721411957074,HOOAH,2016-10-20T01:55:27+0000,10154721411957074_10154725918642074,945138272175868,0
58,368408587073_10154717984962074,"Here's another great story about this awesome human being.

http://www.wearethemighty.com/articles/heres-how-a-little-girl-who-lost-her-marine-dad-taught-the-chairman-of-the-joint-chiefs-of-staff-the-full-cost-of-service",2016-10-18T18:50:19+0000,10154717984962074_10154721055192074,893354640694111,0
59,368408587073_10154717984962074,I always called him 'sir' anyway! :-),2016-10-18T18:38:14+0000,10154717984962074_10154720998252074,893354640694111,0
60,368408587073_10154705256877074,Keep us safe.  You have a very important job in protecting the country in the 21st century.  Stay strong and focused.,2016-10-14T18:39:23+0000,10154705256877074_10154705537262074,10152400136848767,0
61,368408587073_10154703097167074,Thank you.,2016-10-14T07:55:09+0000,10154703097167074_10154703670827074,787256974649561,2
62,368408587073_10154703097167074,Our military serve and help in all and many ways.  Proud to read this and salute these brave soldiers!  Thank you.,2016-10-14T11:36:58+0000,10154703097167074_10154704417152074,916414121723657,2
63,368408587073_10154700926927074,"You might try using service-appropriate abbreviations. The Marines use Lt Col, not LTC.",2016-10-13T18:35:36+0000,10154700926927074_10154701119327074,10206791783581616,4
64,368408587073_10154700926927074,Semper Fi my Brother.,2016-10-14T17:21:21+0000,10154700926927074_10154705214107074,1602249923388012,0
65,368408587073_10154700653052074,Where at in base?,2016-10-14T00:52:23+0000,10154700653052074_10154702225967074,10153008790027366,0
66,368408587073_10154700498757074,Used to ride from Myer gate to the main gate every weekend,2016-10-13T18:18:55+0000,10154700498757074_10154701044197074,897260250292609,0
67,368408587073_10154700498757074,Very unfortunate.,2016-10-13T20:37:42+0000,10154700498757074_10154701515097074,10207131678878861,0
68,368408587073_10154700441547074,Semper Fi...Happy Birthday US Navy,2016-10-13T14:25:05+0000,10154700441547074_10154700463157074,10203847768785115,0
69,368408587073_10154697856892074,Denise Claudio who do i need to get a picture with ;-),2016-10-12T19:36:46+0000,10154697856892074_10154697875877074,10205631404520032,1
70,368408587073_10154697856892074,Ken Marciano feom your posts thought tou would like to know,2016-10-13T09:39:48+0000,10154697856892074_10154699658632074,10203082508438399,0
71,368408587073_10154697856892074,Jeremy DeLuca,2016-10-13T05:40:48+0000,10154697856892074_10154699025537074,10204075825709265,0
72,368408587073_10154697856892074,John Bright   Joe Maybach,2016-10-13T02:19:12+0000,10154697856892074_10154698634012074,10203316385139590,1
73,368408587073_10154697718387074,Ran many of these! ???????,2016-10-13T01:52:26+0000,10154697718387074_10154698574262074,10203142220955410,0
74,368408587073_10154697718387074,co grays to our Runners from GTMO !,2016-10-15T15:16:32+0000,10154697718387074_10154709176752074,10204104631508532,0
75,368408587073_10154697718387074,Congrats!!,2016-10-15T15:16:46+0000,10154697718387074_10154709177217074,10204104631508532,0
76,368408587073_10154697255467074,Thank you.,2016-10-12T16:20:50+0000,10154697255467074_10154697284007074,10152400136848767,0
77,368408587073_10154638033762074,Thanks so much for the publicity! The fundraising has finished as the Marines begin preparing to host their birthday ball. Thanks to everyone who supported their efforts.,2016-10-16T22:49:20+0000,10154638033762074_10154714405867074,131516503546941,0
78,368408587073_10154686437537074,Godbless all troops,2016-10-10T13:40:12+0000,10154686437537074_10154690970507074,1505360576384921,0
79,368408587073_10154686437537074,God bless our militaries,2016-10-09T16:51:17+0000,10154686437537074_10154688429512074,1530130850566911,0
80,368408587073_10154682702182074,Great!! Former Sheridan Ave. resident.,2016-10-07T20:06:15+0000,10154682702182074_10154682716932074,910764778945606,0
81,368408587073_10154682702182074,Wonderful!,2016-10-08T06:24:04+0000,10154682702182074_10154683982207074,1442475652661077,0
82,368408587073_10154682600432074,Does anyone know if I will be able to park at Myer-Henderson Hall and walk to the kids zone for the race? I have a 6 year old doing the kids run and don't know the best way to  get there.,2016-10-08T11:47:14+0000,10154682600432074_10154684567922074,10101472520923334,0
83,368408587073_10154682288527074,"That is awsome ,God bless u all ,",2016-10-07T17:21:15+0000,10154682288527074_10154682296837074,872479116107562,1
84,368408587073_10154682288527074,"Wow, sounds great",2016-10-07T17:20:28+0000,10154682288527074_10154682295692074,10203827684986449,1
85,368408587073_10154682288527074,Hi,2016-10-07T19:30:32+0000,10154682288527074_10154682640732074,1428059997522422,0
86,368408587073_10154682288527074,Really,2016-10-07T19:30:41+0000,10154682288527074_10154682640982074,1428059997522422,0
87,368408587073_10154681947817074,Hannah Johnson,2016-10-08T11:57:56+0000,10154681947817074_10154684588192074,10201990672233051,0
88,368408587073_10154678512467074,Brian Hall,2016-10-06T13:17:53+0000,10154678512467074_10154678957632074,255333231325466,0
89,368408587073_10154678512467074,Charles Ogin,2016-10-06T09:43:10+0000,10154678512467074_10154678540892074,986324621028,0
90,368408587073_10154670438282074,Close to where I used to live and work,2016-10-04T12:10:32+0000,10154670438282074_10154673153012074,672659052865489,0
91,368408587073_10154661710492074,Yuck,2016-09-30T20:25:34+0000,10154661710492074_10154661936927074,700252716682919,0
92,368408587073_10154659092422074,Michael Bucchi,2016-09-30T01:43:11+0000,10154659092422074_10154659634212074,10204837128103871,0
93,368408587073_10154655840477074,Gracie Mancini-Rosas,2016-09-29T00:46:44+0000,10154655840477074_10154656786652074,10205631404520032,0
94,368408587073_10154644976272074,Matt Pullen,2016-09-25T09:50:55+0000,10154644976272074_10154646231077074,10151993324971576,1
95,368408587073_10154638479537074,Good for you 1SG! I knew when I first interviewed you at The 79th that this day would come. Next step CSM. I know you have it in ya. Good luck on your new assignment!,2016-09-25T01:23:36+0000,10154638479537074_10154645355057074,10204722175760364,1
96,368408587073_10154638479537074,"Congratulations!!! You are one of the most amazing people I have ever met in the Army, you are such a motivation to everyone who meets you and this is more than well deserved!",2016-09-25T02:45:45+0000,10154638479537074_10154645545277074,10203974535832292,0
97,368408587073_10154638479537074,You are a warrior JR! Thank you for your service and so proud of you and all you've done!,2016-09-25T03:00:10+0000,10154638479537074_10154645582382074,10203226865127783,1
98,368408587073_10154638479537074,"They left out ""First Sergeant Steward is a BAD ASS!""  Lol congrats on all your achievements...well deserved!",2016-09-25T01:05:01+0000,10154638479537074_10154645319132074,10205819005386270,1
99,368408587073_10154638479537074,You go girl!!!!!! Congratulations on all your Accomplishments Julie Steward! Thank you for your service!,2016-09-25T02:11:19+0000,10154638479537074_10154645453197074,10153201052373612,0
100,368408587073_10154638479537074,Congratulations on the 1SG and an amazing career!  Couldn't happen tos better person.,2016-09-25T17:06:29+0000,10154638479537074_10154647263352074,899119620107389,0
101,368408587073_10154638479537074,"The best NCO I ever around and worked for. Congrats, 1SG Steward!!! You deserve it!!!",2016-09-25T13:23:32+0000,10154638479537074_10154646698572074,745643558902329,0
102,368408587073_10154638479537074,"Congratulations Julie, well deserved!!! Keep'em straight Top!",2016-09-25T05:40:50+0000,10154638479537074_10154645823117074,10204128020348178,0
103,368408587073_10154638479537074,Congratulations Julie! Super proud of you!,2016-09-25T01:56:05+0000,10154638479537074_10154645418142074,10204435561642221,0
104,368408587073_10154638479537074,Congratulations 1SG.,2016-09-25T14:43:53+0000,10154638479537074_10154646890457074,10205522277715446,0
105,368408587073_10154638479537074,Nice,2016-11-02T15:21:59+0000,10154638479537074_10154772835267074,369647596710477,0
106,368408587073_10154638479537074,Congratulations!!!!,2016-09-25T21:39:00+0000,10154638479537074_10154647936912074,10205199507244463,0
107,368408587073_10154638479537074,#myhero,2016-09-25T01:43:47+0000,10154638479537074_10154645394152074,10207808566036661,0
108,368408587073_10154638479537074,That's my girl!! Do great things Jules. ????,2016-09-25T01:08:11+0000,10154638479537074_10154645324237074,821052674591281,0
109,368408587073_10154638479537074,Congrats Julie!,2016-09-25T01:33:51+0000,10154638479537074_10154645372847074,10155492567850507,0
110,368408587073_10154638479537074,Congrats :),2016-09-25T21:47:51+0000,10154638479537074_10154647956227074,956686991027646,0
111,368408587073_10154638479537074,"Congratulations, Top!",2016-09-25T02:40:32+0000,10154638479537074_10154645532162074,10154834614550162,0
112,368408587073_10154638479537074,"Congratulations, 1SG.",2016-09-25T08:41:38+0000,10154638479537074_10154646114092074,10206381537608111,0
113,368408587073_10154638479537074,Congratulations 1SG.,2016-09-25T00:55:20+0000,10154638479537074_10154645293987074,10210846015006477,0
114,368408587073_10154638479537074,Hell Yes!!!! Congratulations 1SG!!!,2016-09-25T01:35:55+0000,10154638479537074_10154645375797074,409625945855926,0
115,368408587073_10154638479537074,Awesome job 1SG!,2016-09-25T07:07:16+0000,10154638479537074_10154645966722074,10203863918671022,0
116,368408587073_10154638479537074,Congrats ????????????????,2016-09-25T02:40:10+0000,10154638479537074_10154645530122074,468975199973615,0
117,368408587073_10154638479537074,Congrats Julie. Very proud of you.,2016-09-25T02:01:18+0000,10154638479537074_10154645427807074,249799872068550,0
118,368408587073_10154638479537074,Congrats!!!!!,2016-09-25T02:09:49+0000,10154638479537074_10154645449727074,10203227312795121,0
119,368408587073_10154638479537074,Congratulations 1SG,2016-09-25T01:19:08+0000,10154638479537074_10154645345727074,1598006667148665,0
120,368408587073_10154638027847074,"I like it! I am sure there will be no confusion but I have always understood that commissioned officers carry rank, while enlisted hold a rate.
It looks like a beautiful facility for all!",2016-09-22T15:13:12+0000,10154638027847074_10154638156787074,10203461620729824,0
121,368408587073_10154635277837074,Its open for civilians?,2016-09-21T16:38:03+0000,10154635277837074_10154635284332074,136266390063621,0
122,368408587073_10154621001902074,Love these video messages,2016-09-18T16:43:50+0000,10154621001902074_10154626665907074,701652879878444,1
123,368408587073_10154621001902074,I love how our country has turned into everyone spies on everyone else and Report what everyone else is doing...... the problem is stop importing terrorism from Syria and you won't have to spy and report what your neighbors doing.,2016-09-20T13:26:53+0000,10154621001902074_10154631965997074,1156564327693466,0
124,368408587073_10154617949527074,Is this an upcoming event or an advertisement for the NRA?,2016-09-15T21:04:45+0000,10154617949527074_10154618448467074,10153610654311668,0
125,368408587073_10154617946167074,We sincerely appreciate you helping us get the word out by sharing. Thank you!,2016-09-15T20:05:08+0000,10154617946167074_10154618326527074,110389852325552,1
126,368408587073_10154614836602074,Erin Paige Weaver does your family have horses at the farm??? This is such a cool thing!,2016-09-14T15:30:34+0000,10154614836602074_10154614957592074,10204837128103871,0
127,368408587073_10154614836602074,George Liveris maybe you can get this info to Nina she might take them,2016-09-14T22:57:21+0000,10154614836602074_10154615907152074,10203140516289426,1
128,368408587073_10154614836602074,Kelli. Mindy.,2016-09-15T01:30:47+0000,10154614836602074_10154616171947074,10203008129820536,0
129,368408587073_10154614836602074,Carrie Schmidt Record,2016-09-15T02:31:04+0000,10154614836602074_10154616297802074,10203501018874498,1
130,368408587073_10154614836602074,Shelly Davis,2016-09-14T17:51:35+0000,10154614836602074_10154615253832074,10205777643907728,0
131,368408587073_10154600506172074,Brady Austin Buchanan,2016-09-09T22:03:13+0000,10154600506172074_10154600976982074,10101138211472192,1
132,368408587073_10154599890192074,Excellent story and so glad that they both found wonderful homes.,2016-09-09T16:48:39+0000,10154599890192074_10154600138437074,10154851560690506,0
133,368408587073_10154597502512074,"Stationed at Ft. Myer 1970-73,was in headquarters bldg. many times!  Whole fort has changed since 1970",2016-09-08T19:29:57+0000,10154597502512074_10154597574317074,10202088819766612,2
134,368408587073_10154596707172074,Greeting the Honor Flights at the airport is so much fun!,2016-09-08T20:17:39+0000,10154596707172074_10154597666017074,10154891278845319,0
135,368408587073_10153946737651545,"Any chance of a Facebook townhall on this, and other, base-related topics? Just a thought... ;)",2016-09-08T20:50:18+0000,10153946737651545_10153947539481545,10152590667999206,1
136,368408587073_10154596450552074,"It continues to sicken and sadden me that adults who have been awarded a drivers license  from ANY state, still find it ok to be disrespectful of children's lives.  Passing a stopped school bus, running STOP signs, speeding..... Continue everywhere, and also continue on an Army post the size of a postage stamp.  Really?  Leave 5 minutes earlier... Obey the laws... Think that maybe, just maybe , it is your child that could be injured or killed... Own it. DO THE RIGHT THING",2016-09-09T01:20:54+0000,10154596450552074_10154598248277074,10203979240027715,0
137,368408587073_10154594313262074,Rest in Peace beautiful  Pilot and Hero. We will never forget you...Thank you for your service.,2016-09-08T07:12:53+0000,10154594313262074_10154595914782074,450221045110459,0
138,368408587073_10154594313262074,Rest in Peace beautiful  Pilot and Hero. We will never forget you...Thank you for your service.,2016-09-08T07:13:15+0000,10154594313262074_10154595915257074,450221045110459,0
139,368408587073_10154550140617074,No.,2016-09-07T22:20:14+0000,10154550140617074_10154594875517074,709930312454173,0
140,368408587073_10154593666527074,It's open to the public?,2016-09-07T15:18:55+0000,10154593666527074_10154593697832074,136266390063621,0
141,368408587073_10154575364297074,loving the   page,2016-09-03T00:30:09+0000,10154575364297074_10154578900152074,487556618087834,1
142,368408587073_10154575364297074,More info on Veterans ok? who agrees?,2016-09-03T18:30:16+0000,10154575364297074_10154581151892074,105008523255596,0
143,368408587073_10153929849846545,Nice choice in name.,2016-09-01T19:44:29+0000,10153929849846545_10153929918786545,10152400136848767,0
144,368408587073_10154550125007074,Jesse Montez Thorton Jr. And Jarris Wade,2016-09-01T01:12:55+0000,10154550125007074_10154572734622074,648012385295758,1
145,368408587073_10154564381242074,We are missing out today Richard Crocket,2016-08-30T14:41:14+0000,10154564381242074_10154567769812074,10206805644318592,0
146,368408587073_10154549944717074,"Patriots' Retreat (assuming more than one patriot is allowed in said club) sounds like a retirement community. The Myer Club is simple and will save you from the inevitable ""where is that?"" question.",2016-08-28T00:36:17+0000,10154549944717074_10154559784567074,10203578796967485,0
147,368408587073_10154549944717074,Patton Hall,2016-08-28T02:37:22+0000,10154549944717074_10154559990457074,10152526632358386,0
148,368408587073_10154549944717074,Patriot's Retreat!,2016-08-27T21:16:23+0000,10154549944717074_10154559347832074,10200623304460992,0
149,368408587073_10154549944717074,Patriots  Retreat!,2016-08-27T21:14:56+0000,10154549944717074_10154559345572074,10200623304460992,0
150,368408587073_10154549944717074,Fort Myer Social Club,2016-08-28T02:17:39+0000,10154549944717074_10154559955337074,10203979240027715,1
151,368408587073_10154549944717074,I like The Patriot's Retreat,2016-08-27T15:32:39+0000,10154549944717074_10154558507957074,701652879878444,1
152,368408587073_10154549944717074,Patton Hall sounds good.,2016-08-27T16:41:54+0000,10154549944717074_10154558660842074,10152400136848767,1
153,368408587073_10154549944717074,Patton Hall,2016-08-27T20:38:55+0000,10154549944717074_10154559277027074,916414121723657,1
154,368408587073_10154553465447074,Wow you have been all over the world and dangerous duty. Scary,2016-09-17T23:15:23+0000,10154553465447074_10154624590772074,890642994323170,0
155,368408587073_10154555539427074,"Fair winds, following seas and SEMPER FI!",2016-08-26T19:52:19+0000,10154555539427074_10154556245922074,10152161274534620,0
156,368408587073_10154555539427074,Congratulations CSM Donaldson!!!,2016-08-27T23:25:40+0000,10154555539427074_10154559647937074,10206219887196839,0
157,368408587073_10154555539427074,Bye... Hi!,2016-08-26T15:59:14+0000,10154555539427074_10154555692502074,10154891332300252,0
158,368408587073_10153911660671545,"Awesome interview, you nailed the essence of a modern military leader.",2016-08-25T20:27:57+0000,10153911660671545_10153911706641545,1051085948259518,1
159,368408587073_10153911660671545,"It shows why you are so good at what you do, congrats!",2016-08-25T20:29:19+0000,10153911660671545_10153911709246545,1051085948259518,1
160,368408587073_10153911660671545,"The kids at SAS will miss your Base cookoff, they enjoyed the challenge  and were glad to be included. Safe travels Sir.",2016-08-26T00:26:13+0000,10153911660671545_10153912146891545,10200623304460992,0
161,368408587073_10154552744137074,"Thank you for your service!
Absolutely wonderful!",2016-08-26T17:09:12+0000,10154552744137074_10154555824797074,1442475652661077,0
162,368408587073_10154547050317074,Devorah Thomas I will check first thing tomorrow and get back to you. I apologize for the confusion.,2016-08-23T22:54:33+0000,10154547050317074_10154548019912074,368408587073,0
163,368408587073_10154547050317074,I was told this was the 26. Is the date on this correct?,2016-08-23T21:39:52+0000,10154547050317074_10154547871742074,10153231545736542,0
164,368408587073_10154534910707074,"PATTON HALL -  
Any change from what it is now, diminishes the significant impact and memory of  General George C Patton Jr's FOUR tours of duty on Historic Fort Myer.",2016-08-23T00:05:03+0000,10154534910707074_10154545205192074,10204396159374919,1
165,368408587073_10154534910707074,I'm partial to THE PATRIOTS RETREAT    Now showing my age and the fact that I was last there over 30+ years ago what has become or will become of the Enlisted/NCO Club??,2016-08-20T00:09:48+0000,10154534910707074_10154536295057074,10202761149182003,0
166,368408587073_10154534910707074,"Patton Hall. That way we got T Hall, C Hall, and P Hall.",2016-08-22T15:54:07+0000,10154534910707074_10154544109562074,901081603263236,1
167,368408587073_10154534910707074,The Capitol Club,2016-08-20T21:59:32+0000,10154534910707074_10154539101622074,10202966219770785,0
168,368408587073_10154534910707074,Y u guys no have Officers' Mess no mo?,2016-08-20T08:01:03+0000,10154534910707074_10154537163062074,10154080327015187,0
169,368408587073_10154534910707074,Fort Meyers social club,2016-08-19T23:29:15+0000,10154534910707074_10154536221657074,877229062297338,0
170,368408587073_10154534910707074,just call it  Ft. Myer Officers/Enlisted Club...  period (i am an ex-Myerite from the 60s),2016-08-20T18:38:12+0000,10154534910707074_10154538599252074,860747713987286,0
171,368408587073_10154534910707074,The Patton-Puller Club  (TOG 1964-1966),2016-08-19T21:03:00+0000,10154534910707074_10154535952572074,781779251832983,0
172,368408587073_10154532132832074,"For those interested in the history of Ft. Myer= I wonder if Col Duggan could be persuaded to do an article on the brief history of South Post Ft. Myer... there is very little out there...i was stationed there '67-'69, then moved up to North Post in '69, and was the first person to live at Barrack 406, which was recently knocked down. I was in Headquarters Company with duty in the Pentagon War Room..i am planning a visit to Myer in the fall and would love an hour with Col Duggan....meanwhile, you can look at my website at www.FortMyerVaMemories.com  and, i have alot more to post !",2016-08-23T23:43:59+0000,10154532132832074_10154548133227074,860747713987286,2
173,368408587073_10154530227427074,Please share our new Twitter link with you followers and friend and follow us https://twitter.com/ArmyTenMilerATM,2016-09-06T14:25:23+0000,10154530227427074_10154590149842074,158132394244077,1
174,368408587073_10154529039157074,"Pro Tip: If you're on Joint Base Myer - Henderson Hall, you can report sources of or request assistance to eliminate sources of standing water by calling 703-696-2623 (for assistance in family housing) or 703-696-3263 (for offices/other activities on base). #FightTheBite",2016-08-17T16:32:30+0000,10154529039157074_10154529315632074,368408587073,0
175,368408587073_10154523975657074,About time!,2016-08-16T23:53:39+0000,10154523975657074_10154527278932074,10203979240027715,2
176,368408587073_10154511000502074,"Would like to see stops near the gates, some commuters live near post but work at locations further in. 

Regarding the shuttle: i lnow of ladies who can no longer use the shuttle because they have had childern and cant take their children on the shuttle bus who now have to use metro and dont be a persom who cycles to work part way no place for bikes",2016-08-12T14:53:02+0000,10154511000502074_10154513845357074,10200623304460992,0
177,368408587073_10154511000502074,"Who gets surveyed is it random? Just soldiers?
I'm a commuter, never saw a survey",2016-08-12T14:44:46+0000,10154511000502074_10154513830372074,10200623304460992,0
178,368408587073_10154511000502074,"Yes the very limited shuttle service that is offered on post is frustrating. From how often it it run to the limited stops.  I would love to see see a stop at the cody child development center for the caregivers,  a stop at the px the shoppette,  and  getting around post is not easy if you dont drive. Getting on post is already difficult so the one option we do have should be more convenient.",2016-08-12T03:20:13+0000,10154511000502074_10154512506037074,10200623304460992,0
179,368408587073_10154508666052074,It is OUTSTANDING!!!!,2016-08-11T16:13:45+0000,10154508666052074_10154511022427074,1005150442834961,0
180,368408587073_10154505761487074,My husband is at Conmy Hall and there is nothing there. Is this event happening today?,2016-08-10T18:41:18+0000,10154505761487074_10154508537912074,329008953952696,0
181,368408587073_10154504539422074,Juan Disen,2016-08-09T20:30:18+0000,10154504539422074_10154505927527074,10203101228439177,0
182,368408587073_10154499795687074,Finally the dining facility is open to civilians! 4 years too late!,2016-08-07T23:46:45+0000,10154499795687074_10154500540152074,812717212090558,0
183,368408587073_10154499795687074,JW Boothe,2016-08-07T20:01:59+0000,10154499795687074_10154500019642074,409461455872701,1
184,368408587073_10154493945262074,"i 'signed out' of the Army in this building in 1969, after almost 3 years on South Post Myer, then North Post...",2016-08-06T00:03:48+0000,10154493945262074_10154494491167074,860747713987286,0
185,368408587073_10154483107902074,Epic!!! Finally!!,2016-08-02T02:07:44+0000,10154483107902074_10154483132822074,10203979240027715,2
186,368408587073_10154483107902074,Great news!,2016-08-03T10:03:16+0000,10154483107902074_10154486827822074,10208858042740732,0
187,368408587073_10154472461047074,Thank you for your information!,2016-07-29T13:39:09+0000,10154472461047074_10154472780622074,1442475652661077,0
188,368408587073_10154469487802074,Good news about Henry Gate!,2016-07-28T11:17:42+0000,10154469487802074_10154469504602074,701652879878444,1
189,368408587073_10154469332807074,,2016-07-28T10:12:18+0000,10154469332807074_10154469362442074,709930312454173,2
190,368408587073_10154448125797074,Think I stayed in one of those buildings when I was stationed there 1970-73,2016-07-21T00:01:48+0000,10154448125797074_10154448200512074,10202088819766612,0
191,368408587073_10154448125797074,"So did my son, just last year! They are still there!",2016-07-21T00:13:01+0000,10154448125797074_10154448216137074,10154968587940294,0
192,368408587073_10154447392817074,"A random protocol question, but since he is a former Secretary of State, would his proper title be Secretary Powell, or does he remain referred to as General?",2016-07-20T18:18:08+0000,10154447392817074_10154447412942074,10152436572684262,0
193,368408587073_10154447392817074,Jacob...wish I had been there for this!,2016-07-20T23:24:18+0000,10154447392817074_10154448133877074,10204178086984833,1
194,368408587073_10154447392817074,Would love to meet him!,2016-07-20T20:44:32+0000,10154447392817074_10154447784162074,1559818800999816,0
195,368408587073_10154447392817074,He came back again lol Ron Bogart,2016-07-20T19:10:56+0000,10154447392817074_10154447577612074,10153036874092386,1
196,368408587073_10154441342697074,JBMHH: FYI: Wednesday is July 20. (Friday is the 22nd).,2016-07-19T00:33:45+0000,10154441342697074_10154442401962074,10205551519047042,0
197,368408587073_10154435224312074,*on the Henderson Hall portion,2016-07-16T14:12:17+0000,10154435224312074_10154435281812074,10102883587704602,0
198,368408587073_10154424210417074,"And the WWII Memorial is not a wading pool, either!",2016-07-12T20:51:20+0000,10154424210417074_10154424286677074,705443499499194,4
199,368408587073_10154424210417074,Sort of like how we need an animated bear to tell us to not burn our forests down.,2016-07-12T20:44:04+0000,10154424210417074_10154424270302074,10152400136848767,2
200,368408587073_10154424210417074,The cemetery shouldn't have to put this statement out. Who would believe a national cemetery would be an appropriate place for such a thing as this. SMDH,2016-07-13T22:18:36+0000,10154424210417074_10154427342367074,700252716682919,0
201,368408587073_10154424210417074,How sad that this needs to be spelled out :(,2016-07-12T20:36:40+0000,10154424210417074_10154424251462074,10204644079318672,5
202,368408587073_10154424210417074,This Gengar ain't gunna catch itself tho...,2016-07-12T23:01:40+0000,10154424210417074_10154424521802074,10153255416932708,0
203,368408587073_10154424210417074,Martin Jenkins Michael Fletcher Joey Marsh Hector G. Rodriguez Hunter Lee Vickrey,2016-07-13T02:47:39+0000,10154424210417074_10154424889622074,10203303705981296,3
204,368408587073_10154424210417074,Kyle Blackmon,2016-07-13T03:10:43+0000,10154424210417074_10154424935322074,1019103448156924,0
205,368408587073_10154424075972074,What is the status of the school age services,2016-07-13T04:39:23+0000,10154424075972074_10154425086897074,10200623304460992,1
206,368408587073_10154407857372074,"love the #wbr2r shirt, go blue!",2016-07-07T18:34:33+0000,10154407857372074_10154409875472074,10152667519454633,0
207,368408587073_10154397407757074,Hey it's Dallas Kempo!,2016-07-02T21:37:28+0000,10154397407757074_10154397944407074,918937678127430,2
208,368408587073_10154391766292074,God bless you sir,2016-07-01T10:51:32+0000,10154391766292074_10154394276697074,1558773661114201,0
209,368408587073_10154390398712074,Looking forward to reading about your new joint base commander.,2016-06-29T21:32:22+0000,10154390398712074_10154390509152074,701652879878444,1
210,368408587073_10154390398712074,Looking forward to the story on the change of command.,2016-06-30T02:05:41+0000,10154390398712074_10154390995562074,729732203724829,1
211,368408587073_10154390398712074,"Go,go, guys",2016-06-30T02:17:28+0000,10154390398712074_10154391015222074,1558773661114201,0
212,368408587073_10154387184637074,"Safe travels for your family Sir, im so very glad the boys came by to vist me today.",2016-06-29T01:24:41+0000,10154387184637074_10154388433657074,10200623304460992,1
213,368408587073_10154387184637074,"Good luck, sir. Safe travels.",2016-06-28T16:03:23+0000,10154387184637074_10154387190452074,701652879878444,2
214,368408587073_10154387184637074,Congratulations on your successful command!,2016-06-29T03:54:08+0000,10154387184637074_10154388737357074,10152962920091112,2
215,368408587073_10154387184637074,Great wish and goodluck!,2016-06-29T00:00:13+0000,10154387184637074_10154388248562074,746660992078354,1
216,368408587073_10154387184637074,"Good luck,stay safe sir god bless you.",2016-06-29T04:38:55+0000,10154387184637074_10154388790422074,1558773661114201,1
217,368408587073_10154387184637074,"#ARMYSTRONG ?? #HOOAH 
God bless and protect and guide you and your family sir.",2016-06-29T14:24:36+0000,10154387184637074_10154389638192074,10152873873464579,0
218,368408587073_10154387184637074,God bless you and your family:-)! Y'all will be missed!!,2016-06-29T17:43:04+0000,10154387184637074_10154390011012074,1194660510568372,0
219,368408587073_10154387184637074,Good luck.,2016-07-03T04:29:49+0000,10154387184637074_10154398634717074,760982627268225,0
220,368408587073_10154378980372074,Hey Mr Chris Hummer,2016-06-25T20:11:36+0000,10154378980372074_10154379543197074,957005754328637,1
221,368408587073_10154373342032074,"Jamie Curtin, Andy Curtin, Emily Curtin, Jonathan Curtin, Robert James Curtin, Katie M. Lawrence",2016-06-23T22:45:50+0000,10154373342032074_10154373841952074,700252716682919,1
222,368408587073_10154372685132074,3d U.S. Infantry Regiment (The Old Guard) Henderson Hall MCCS Henderson Hall,2016-06-23T13:31:14+0000,10154372685132074_10154372694737074,368408587073,0
223,368408587073_10154371005842074,"The Arlington County Police Department has handled the situation.  They are hosting a media staging area on South Uhle and Walter Reed Drive right now.

Hatfield gate is currently closed to all traffic.  The other gates are open to Joint Base Myer - Henderson Hall.",2016-06-22T20:47:11+0000,10154371005842074_10154371128287074,368408587073,1
224,368408587073_10154371005842074,The email/phone alert states active shooter/suicide.  Any updates would be greatly appreciated.,2016-06-22T20:40:26+0000,10154371005842074_10154371115102074,10152764727552188,2
225,368408587073_10154371005842074,Sheldon Coffelt,2016-06-22T21:45:52+0000,10154371005842074_10154371237517074,10205503473014514,0
226,368408587073_10154370585582074,Stay safe god bless you,2016-06-23T07:16:17+0000,10154370585582074_10154372109327074,1558773661114201,0
227,368408587073_10154364576702074,"Happy 241st Army Birthday!
Army strong!",2016-06-21T09:06:07+0000,10154364576702074_10154366854122074,1442475652661077,0
228,368408587073_10154364576702074,Happy 241st birthday!,2016-06-21T07:50:20+0000,10154364576702074_10154366712962074,450221045110459,0
229,368408587073_10154361846402074,"US military service men, always close to my heart...they serve to keep you and me safe",2016-06-20T10:27:12+0000,10154361846402074_10154364356382074,450221045110459,0
230,368408587073_10154361846402074,Happy Dad's Day!,2016-06-19T11:52:38+0000,10154361846402074_10154361873217074,1442475652661077,1
231,368408587073_10154359610857074,Congrats,2016-06-19T01:53:52+0000,10154359610857074_10154360875977074,729732203724829,0
232,368408587073_10154359610857074,Congratulation god bless you all,2016-06-19T07:54:30+0000,10154359610857074_10154361452372074,1558773661114201,0
233,368408587073_10154356695022074,All in glory and pride for the country!,2016-06-18T05:52:52+0000,10154356695022074_10154358554762074,450221045110459,0
234,368408587073_10154356695022074,Kyle Blackmon,2016-06-18T04:51:58+0000,10154356695022074_10154358473742074,1019103448156924,0
235,368408587073_10154354647032074,Exciting to see this finally coming together!,2016-06-16T19:51:09+0000,10154354647032074_10154354778152074,701652879878444,2
236,368408587073_10154352034092074,Hooah!,2016-06-17T16:22:44+0000,10154352034092074_10154357102597074,10152689472076729,0
237,368408587073_10154352034092074,Good job,2016-06-15T20:12:38+0000,10154352034092074_10154352052147074,311551855896169,0
238,368408587073_10154296027197074,"Due to inclement weather, Splish Splash Summer Fun is canceled for today. The rain date for this event is 24 June 16 at same time and location. Thank you!",2016-06-17T13:25:44+0000,10154296027197074_10154356718952074,110901122315745,0
239,368408587073_10154348867187074,Thanks to Ryan for serving.,2016-06-14T20:12:49+0000,10154348867187074_10154349519097074,253712481670638,0
240,368408587073_10154348867187074,"Awesome, Thank you for your Services and always proud.",2016-06-14T17:50:33+0000,10154348867187074_10154349204017074,779854575414342,0
241,368408587073_10154348867187074,Ryan Lintz,2016-06-14T19:41:42+0000,10154348867187074_10154349463602074,10202850118363556,0
242,368408587073_10154341019477074,Brady Austin Buchanan,2016-06-14T11:45:43+0000,10154341019477074_10154348454997074,10101138211472192,0
243,368408587073_10154322096347074,"Yes, Martha. The Old Guard normally picks them back up during the week after Memorial Day.",2016-06-05T12:29:03+0000,10154322096347074_10154324314542074,368408587073,0
244,368408587073_10154322096347074,Are the flags picked back up?,2016-06-05T03:49:41+0000,10154322096347074_10154323598332074,10203375482694596,0
245,368408587073_10154318324457074,,2016-06-04T03:20:21+0000,10154318324457074_10154321065157074,10152392660931786,1
246,368408587073_10154303051242074,Joint Base Myer-Henderson Hall Police Department - open for business!,2016-05-27T21:20:07+0000,10154303051242074_10154303718837074,700252716682919,0
247,368408587073_10154300668922074,,2016-05-26T16:57:09+0000,10154300668922074_10154300777042074,106897526383812,2
248,368408587073_10154300668922074,,2016-05-26T16:56:34+0000,10154300668922074_10154300775792074,106897526383812,2
249,368408587073_10154300668922074,FLAGS IN!!!!,2016-05-26T21:17:08+0000,10154300668922074_10154301335372074,10202761149182003,0
